{"loss": [1.4218504428863525, 0.9919443130493164, 0.8096002340316772, 0.7042458653450012, 0.6300503611564636], "accuracy": [0.48619115352630615, 0.6508565545082092, 0.7211214900016785, 0.7572446465492249, 0.7834814190864563], "val_loss": [1.0590585470199585, 0.99068683385849, 0.7826447486877441, 0.7038391828536987, 0.631849467754364], "val_accuracy": [0.6215999722480774, 0.6593000292778015, 0.7336000204086304, 0.7594000101089478, 0.782800018787384], "lr": [0.004999999888241291, 0.00492857163771987, 0.004857142921537161, 0.004785714205354452, 0.004714285489171743]}