{"loss": [0.5821837782859802], "accuracy": [0.8005123138427734], "val_loss": [0.5750154256820679], "val_accuracy": [0.8026999831199646], "lr": [0.004642857238650322]}