{"R": 122.49440890028212, "G": 114.2650651421441, "B": 101.37730567220052}