epoch,accuracy,loss,val_accuracy,val_loss
5,0.8005123138427734,0.5821837782859802,0.8026999831199646,0.5750154256820679
